<?xml version="1.0" encoding="UTF-8"?>
<metadata xml:lang="de"><Esri><CreaDate>20220307</CreaDate><CreaTime>16573100</CreaTime><ArcGISFormat>1.0</ArcGISFormat><SyncOnce>FALSE</SyncOnce><DataProperties><itemProps><itemName Sync="TRUE">NIBIS_BODEN_SDE.FIS.bk50n_tk50_ply</itemName><imsContentType Sync="TRUE">002</imsContentType><itemLocation><linkage Sync="TRUE">Server=SQLSDEL1; Service=sde:sqlserver:SQLSDEL1; Database=NIBIS_BODEN_SDE; Version=dbo.DEFAULT</linkage><protocol Sync="TRUE">ArcSDE Connection</protocol></itemLocation><nativeExtBox><westBL Sync="TRUE">32342770.418100</westBL><eastBL Sync="TRUE">32674251.414100</eastBL><southBL Sync="TRUE">5682881.668600</southBL><northBL Sync="TRUE">5983550.458000</northBL><exTypeCode Sync="TRUE">1</exTypeCode></nativeExtBox></itemProps><coordRef><type Sync="TRUE">Projected</type><geogcsn Sync="TRUE">GCS_ETRS_1989</geogcsn><csUnits Sync="TRUE">Linear Unit: Meter (1.000000)</csUnits><projcsn Sync="TRUE">ETRS_1989_UTM_Zone_N32</projcsn><peXml Sync="TRUE">&lt;ProjectedCoordinateSystem xsi:type='typens:ProjectedCoordinateSystem' xmlns:xsi='http://www.w3.org/2001/XMLSchema-instance' xmlns:xs='http://www.w3.org/2001/XMLSchema' xmlns:typens='http://www.esri.com/schemas/ArcGIS/10.8'&gt;&lt;WKT&gt;PROJCS[&amp;quot;ETRS_1989_UTM_Zone_N32&amp;quot;,GEOGCS[&amp;quot;GCS_ETRS_1989&amp;quot;,DATUM[&amp;quot;D_ETRS_1989&amp;quot;,SPHEROID[&amp;quot;GRS_1980&amp;quot;,6378137.0,298.257222101]],PRIMEM[&amp;quot;Greenwich&amp;quot;,0.0],UNIT[&amp;quot;Degree&amp;quot;,0.0174532925199433]],PROJECTION[&amp;quot;Transverse_Mercator&amp;quot;],PARAMETER[&amp;quot;False_Easting&amp;quot;,32500000.0],PARAMETER[&amp;quot;False_Northing&amp;quot;,0.0],PARAMETER[&amp;quot;Central_Meridian&amp;quot;,9.0],PARAMETER[&amp;quot;Scale_Factor&amp;quot;,0.9996],PARAMETER[&amp;quot;Latitude_Of_Origin&amp;quot;,0.0],UNIT[&amp;quot;Meter&amp;quot;,1.0],AUTHORITY[&amp;quot;EPSG&amp;quot;,4647]]&lt;/WKT&gt;&lt;XOrigin&gt;26879100&lt;/XOrigin&gt;&lt;YOrigin&gt;-9998100&lt;/YOrigin&gt;&lt;XYScale&gt;10000&lt;/XYScale&gt;&lt;ZOrigin&gt;0&lt;/ZOrigin&gt;&lt;ZScale&gt;1&lt;/ZScale&gt;&lt;MOrigin&gt;0&lt;/MOrigin&gt;&lt;MScale&gt;1&lt;/MScale&gt;&lt;XYTolerance&gt;0.001&lt;/XYTolerance&gt;&lt;ZTolerance&gt;0.001&lt;/ZTolerance&gt;&lt;MTolerance&gt;0.001&lt;/MTolerance&gt;&lt;HighPrecision&gt;true&lt;/HighPrecision&gt;&lt;WKID&gt;102362&lt;/WKID&gt;&lt;LatestWKID&gt;4647&lt;/LatestWKID&gt;&lt;/ProjectedCoordinateSystem&gt;</peXml></coordRef><lineage><Process ToolSource="c:\arcgis\desktop10.4\ArcToolbox\Toolboxes\Data Management Tools.tbx\CalculateField" Date="20170127" Time="153810" Name="" export="">CalculateField BK50N_MIT_NUTZDIFF_NRKART_DISS_INTER Kultur_KULTUR_KENNUNG [Kultur_KULTUR_KENNUNG_1] VB #</Process><Process ToolSource="c:\arcgis\desktop10.4\ArcToolbox\Toolboxes\Data Management Tools.tbx\CalculateField" Date="20170130" Time="085052" Name="" export="">CalculateField BK50_27_01_17_NUTZ_eli3 Kultur_KULTUR_KENNUNG "N" VB #</Process><Process ToolSource="c:\arcgis\desktop10.4\ArcToolbox\Toolboxes\Data Management Tools.tbx\CalculateField" Date="20170130" Time="085117" Name="" export="">CalculateField BK50_27_01_17_NUTZ_eli3 Kultur_KULTUR_TEXT "Sonst. Nutzungen" VB #</Process><Process ToolSource="c:\arcgis\desktop10.4\ArcToolbox\Toolboxes\Data Management Tools.tbx\CalculateField" Date="20170130" Time="085153" Name="" export="">CalculateField BK50_27_01_17_NUTZ_eli3 Kultur_KULTUR_TEXT "Sonst. Nutzungen" VB #</Process><Process ToolSource="c:\arcgis\desktop10.4\ArcToolbox\Toolboxes\Data Management Tools.tbx\CalculateField" Date="20170130" Time="085206" Name="" export="">CalculateField BK50_27_01_17_NUTZ_eli3 Kultur_KULTUR_KENNUNG "N" VB #</Process><Process ToolSource="c:\arcgis\desktop10.4\ArcToolbox\Toolboxes\Data Management Tools.tbx\CalculateField" Date="20170130" Time="085303" Name="" export="">CalculateField BK50_27_01_17_NUTZ_eli3 Kultur_KULTUR_KENNUNG "G" VB #</Process><Process ToolSource="c:\arcgis\desktop10.4\ArcToolbox\Toolboxes\Data Management Tools.tbx\CalculateField" Date="20170130" Time="085422" Name="" export="">CalculateField BK50_27_01_17_NUTZ_eli3 Kultur_KULTUR_TEXT "FL" VB #</Process><Process ToolSource="c:\arcgis\desktop10.4\ArcToolbox\Toolboxes\Data Management Tools.tbx\CalculateField" Date="20170130" Time="085445" Name="" export="">CalculateField BK50_27_01_17_NUTZ_eli3 Kultur_KULTUR_KENNUNG "FL" VB #</Process><Process ToolSource="c:\arcgis\desktop10.4\ArcToolbox\Toolboxes\Data Management Tools.tbx\CalculateField" Date="20170130" Time="085515" Name="" export="">CalculateField BK50_27_01_17_NUTZ_eli3 Kultur_KULTUR_TEXT "Grünland" VB #</Process><Process ToolSource="c:\arcgis\desktop10.4\ArcToolbox\Toolboxes\Data Management Tools.tbx\CalculateField" Date="20170130" Time="085602" Name="" export="">CalculateField BK50_27_01_17_NUTZ_eli3 Kultur_KULTUR_TEXT "Laubwald" VB #</Process><Process ToolSource="c:\arcgis\desktop10.4\ArcToolbox\Toolboxes\Data Management Tools.tbx\CalculateField" Date="20170130" Time="085708" Name="" export="">CalculateField BK50_27_01_17_NUTZ_eli3 Kultur_KULTUR_TEXT "Außerhalb Niedersachsen" VB #</Process><Process ToolSource="c:\arcgis\desktop10.4\ArcToolbox\Toolboxes\Data Management Tools.tbx\CalculateField" Date="20170130" Time="130435" Name="" export="">CalculateField BK50N_30_01_2017 Kultur_KULTUR_KENNUNG "" VB #</Process><Process ToolSource="c:\arcgis\desktop10.4\ArcToolbox\Toolboxes\Data Management Tools.tbx\CalculateField" Date="20170130" Time="130838" Name="" export="">CalculateField BK50N_30_01_2017 Kultur_KULTUR_KENNUNG "" VB #</Process><Process ToolSource="c:\arcgis\desktop10.4\ArcToolbox\Toolboxes\Data Management Tools.tbx\CalculateField" Date="20170130" Time="131607" Name="" export="">CalculateField BK50N_30_01_2017 Kultur_KULTUR_KENNUNG "G" VB #</Process><Process ToolSource="c:\arcgis\desktop10.4\ArcToolbox\Toolboxes\Data Management Tools.tbx\CalculateField" Date="20170130" Time="131714" Name="" export="">CalculateField BK50N_30_01_2017 Kultur_KULTUR_KENNUNG "G" VB #</Process><Process ToolSource="c:\arcgis\desktop10.4\ArcToolbox\Toolboxes\Data Management Tools.tbx\CalculateField" Date="20170130" Time="132600" Name="" export="">CalculateField BK50N_30_01_2017 Kultur_KULTUR_KENNUNG "G" VB #</Process><Process ToolSource="c:\arcgis\desktop10.4\ArcToolbox\Toolboxes\Data Management Tools.tbx\CalculateField" Date="20170130" Time="132651" Name="" export="">CalculateField BK50N_30_01_2017 Kultur_KULTUR_KENNUNG "G" VB #</Process><Process ToolSource="c:\arcgis\desktop10.4\ArcToolbox\Toolboxes\Data Management Tools.tbx\CalculateField" Date="20170130" Time="132837" Name="" export="">CalculateField BK50N_30_01_2017 Kultur_KULTUR_KENNUNG "G" VB #</Process><Process ToolSource="c:\arcgis\desktop10.4\ArcToolbox\Toolboxes\Data Management Tools.tbx\CalculateField" Date="20170130" Time="132914" Name="" export="">CalculateField BK50N_30_01_2017 Kultur_KULTUR_KENNUNG "G" VB #</Process><Process ToolSource="c:\arcgis\desktop10.4\ArcToolbox\Toolboxes\Data Management Tools.tbx\CalculateField" Date="20170130" Time="143751" Name="" export="">CalculateField BK50N_30_01_2017 Kultur_KULTUR_KENNUNG "G" VB #</Process><Process ToolSource="c:\arcgis\desktop10.4\ArcToolbox\Toolboxes\Data Management Tools.tbx\CalculateField" Date="20170130" Time="143832" Name="" export="">CalculateField BK50N_30_01_2017 Kultur_KULTUR_KENNUNG "FN" VB #</Process><Process ToolSource="c:\arcgis\desktop10.4\ArcToolbox\Toolboxes\Data Management Tools.tbx\CalculateField" Date="20170130" Time="144040" Name="" export="">CalculateField BK50N_30_01_2017 Kultur_KULTUR_KENNUNG "FL" VB #</Process><Process ToolSource="c:\arcgis\desktop10.4\ArcToolbox\Toolboxes\Data Management Tools.tbx\CalculateField" Date="20170130" Time="144119" Name="" export="">CalculateField BK50N_30_01_2017 Kultur_KULTUR_KENNUNG "FL" VB #</Process><Process ToolSource="c:\arcgis\desktop10.4\ArcToolbox\Toolboxes\Data Management Tools.tbx\CalculateField" Date="20170130" Time="144234" Name="" export="">CalculateField BK50N_30_01_2017 Kultur_KULTUR_KENNUNG "G" VB #</Process><Process ToolSource="c:\arcgis\desktop10.4\ArcToolbox\Toolboxes\Data Management Tools.tbx\CalculateField" Date="20170130" Time="144656" Name="" export="">CalculateField BK50N_30_01_2017 Kultur_KULTUR_KENNUNG "G" VB #</Process><Process ToolSource="c:\arcgis\desktop10.4\ArcToolbox\Toolboxes\Data Management Tools.tbx\CalculateField" Date="20170130" Time="144815" Name="" export="">CalculateField BK50N_30_01_2017 Kultur_KULTUR_KENNUNG "N" VB #</Process><Process ToolSource="c:\arcgis\desktop10.4\ArcToolbox\Toolboxes\Data Management Tools.tbx\CalculateField" Date="20170130" Time="144912" Name="" export="">CalculateField BK50N_30_01_2017 Kultur_KULTUR_KENNUNG "G" VB #</Process><Process ToolSource="c:\arcgis\desktop10.4\ArcToolbox\Toolboxes\Data Management Tools.tbx\CalculateField" Date="20170130" Time="145042" Name="" export="">CalculateField BK50N_30_01_2017 Kultur_KULTUR_KENNUNG "N" VB #</Process><Process ToolSource="c:\arcgis\desktop10.4\ArcToolbox\Toolboxes\Data Management Tools.tbx\CalculateField" Date="20170130" Time="151648" Name="" export="">CalculateField BK50N_30_01_2017 Kultur_KULTUR_KENNUNG "" VB #</Process><Process ToolSource="c:\arcgis\desktop10.4\ArcToolbox\Toolboxes\Data Management Tools.tbx\CalculateField" Date="20170130" Time="152117" Name="" export="">CalculateField BK50N_30_01_2017 Kultur_KULTUR_TEXT "Grünland" VB #</Process><Process ToolSource="c:\arcgis\desktop10.4\ArcToolbox\Toolboxes\Data Management Tools.tbx\CalculateField" Date="20170306" Time="143043" Name="" export="">CalculateField NIBIS_BODEN_SDE.FIS.bk50n_ply UP_DATE "Now (  )" VB #</Process><Process ToolSource="c:\arcgis\desktop10.4\ArcToolbox\Toolboxes\Data Management Tools.tbx\CalculateField" Date="20170307" Time="091050" Name="" export="">CalculateField bk50n_tk50_ply SDE_ID [OBJECTID] VB #</Process></lineage></DataProperties><SyncDate>20201218</SyncDate><SyncTime>10584400</SyncTime><ModDate>20201218</ModDate><ModTime>10584400</ModTime><scaleRange><minScale>150000000</minScale><maxScale>5000</maxScale></scaleRange><ArcGISProfile>ItemDescription</ArcGISProfile></Esri><dataIdInfo><envirDesc Sync="TRUE"> Version 6.2 (Build 9200) ; Esri ArcGIS 10.8.1.14362</envirDesc><dataLang><languageCode value="deu" Sync="TRUE"/><countryCode value="DEU" Sync="TRUE"/></dataLang><idCitation><resTitle Sync="TRUE">NIBIS_BODEN_SDE.FIS.bk50n_tk50_ply</resTitle><presForm><PresFormCd value="005" Sync="TRUE"/></presForm></idCitation><spatRpType><SpatRepTypCd value="001" Sync="TRUE"/></spatRpType><dataExt><geoEle xmlns=""><GeoBndBox esriExtentType="search"><exTypeCode Sync="TRUE">1</exTypeCode><westBL Sync="TRUE">6.602507</westBL><eastBL Sync="TRUE">11.656756</eastBL><northBL Sync="TRUE">54.000259</northBL><southBL Sync="TRUE">51.270602</southBL></GeoBndBox></geoEle></dataExt><idPurp>Bodenkarte von Niedersachsen 1 : 50 000 - Nutzungsdifferenzierte Version im Blattschnitt der TK50</idPurp><idAbs>&lt;DIV STYLE="text-align:Left;"&gt;&lt;DIV&gt;&lt;P&gt;&lt;SPAN&gt;Die BK50 beschreibt die Verbreitung der Böden von Niedersachsen in hoher Auflösung und im aktuellen Wissenstand. Mit der Erstellung konnten zahlreiche Kenntnisse neu gewonnen und alte präzisiert werden. Es ist Anspruch und Ziel, die komplexen Zusammenhänge rund um den Boden für die Fachöffentlichkeit und den Laien fachlich korrekt, verständlich und transparent darzustellen.&lt;/SPAN&gt;&lt;/P&gt;&lt;P&gt;&lt;SPAN&gt;Die BK50 ist räumlich und inhaltlich eng mit anderen landesweit vorliegenden Kartenwerken bzw. Datenbanken abgestimmt. Ein einheitliches Regelwerk der Erstellung gewährleistet landesweit eine vergleichbare Qualität. Die BK50 hat mit 13.000 Legendeneinheiten und 196.000 Flächen eine große fachliche und räumliche Aussagetiefe. Sie entspricht damit den Ansprüchen an mittelmaßstäbige Bodenkarten.&lt;/SPAN&gt;&lt;/P&gt;&lt;P&gt;&lt;SPAN&gt;Die Karte zeichnet sich u. a. durch eine hohe räumliche Differenzierung von Bodentypen) eine aktualisierte Moorverbreitung mit Berücksichtigung der Vererdungsstufen und Moorfolgeböden von Kulturböden (z. B. Tiefumbruch, Plaggenesch, Spittkulturböden, Marschhufenboden) sowie die Ausweisung kulturhistorisch bedeutsamer Flächen und regionaler Besonderheiten (z. B. Wurten, Deichlinien) aus. Mit der systematischen Anwendung der Deckschichtengliederung werden flachgründige Böden (Rendzinen, Ranker, flache Braunerden und Parabraunerden) genauer und räumlich differenzierter beschrieben.&lt;/SPAN&gt;&lt;/P&gt;&lt;P&gt;&lt;SPAN&gt;Die Bodenkarte enthält Angaben zur Leitbodenform und vergesellschafteten Bodenformen und ist nutzungsdifferenziert. Mit der Nutzungsdifferenzierung werden die Merkmale, Horizonte und Bodentypen an die jeweiligen Nutzungen angepasst. Betroffen davon sind z. B. die Oberbodenhorizonte, die Humusauflagen unter Wald, die Grundwasserstände und die Angaben zur Vernässung sowie ggf. die Bodenerosion unter Acker.&lt;/SPAN&gt;&lt;/P&gt;&lt;/DIV&gt;&lt;/DIV&gt;</idAbs></dataIdInfo><mdLang><languageCode value="deu" Sync="TRUE"/><countryCode value="DEU" Sync="TRUE"/></mdLang><distInfo><distFormat><formatName Sync="TRUE">SDE Feature Class</formatName></distFormat></distInfo><mdHrLv><ScopeCd value="005" Sync="TRUE"/></mdHrLv><mdHrLvName Sync="TRUE">dataset</mdHrLvName><refSysInfo><RefSystem><refSysID><identCode code="4647" Sync="TRUE"/><idCodeSpace Sync="TRUE">EPSG</idCodeSpace><idVersion Sync="TRUE">9.1(10.1.0)</idVersion></refSysID></RefSystem></refSysInfo><spatRepInfo><VectSpatRep><geometObjs Name="NIBIS_BODEN_SDE.FIS.bk50n_tk50_ply"><geoObjTyp><GeoObjTypCd value="002" Sync="TRUE"/></geoObjTyp><geoObjCnt Sync="TRUE">204189</geoObjCnt></geometObjs><topLvl><TopoLevCd value="001" Sync="TRUE"/></topLvl></VectSpatRep></spatRepInfo><spdoinfo><ptvctinf><esriterm Name="NIBIS_BODEN_SDE.FIS.bk50n_tk50_ply"><efeatyp Sync="TRUE">Simple</efeatyp><efeageom code="4" Sync="TRUE"/><esritopo Sync="TRUE">FALSE</esritopo><efeacnt Sync="TRUE">204189</efeacnt><spindex Sync="TRUE">TRUE</spindex><linrefer Sync="TRUE">FALSE</linrefer></esriterm></ptvctinf></spdoinfo><eainfo><detailed Name="NIBIS_BODEN_SDE.FIS.bk50n_tk50_ply"><enttyp><enttypl Sync="TRUE">NIBIS_BODEN_SDE.FIS.bk50n_tk50_ply</enttypl><enttypt Sync="TRUE">Feature Class</enttypt><enttypc Sync="TRUE">204189</enttypc></enttyp><attr><attrlabl Sync="TRUE">OBJECTID</attrlabl><attalias Sync="TRUE">OBJECTID</attalias><attrtype Sync="TRUE">OID</attrtype><attwidth Sync="TRUE">4</attwidth><atprecis Sync="TRUE">10</atprecis><attscale Sync="TRUE">0</attscale><attrdef Sync="TRUE">Internal feature number.</attrdef><attrdefs Sync="TRUE">Esri</attrdefs><attrdomv><udom Sync="TRUE">Sequential unique whole numbers that are automatically generated.</udom></attrdomv></attr><attr><attrlabl Sync="TRUE">Shape</attrlabl><attalias Sync="TRUE">Shape</attalias><attrtype Sync="TRUE">Geometry</attrtype><attwidth Sync="TRUE">4</attwidth><atprecis Sync="TRUE">0</atprecis><attscale Sync="TRUE">0</attscale><attrdef Sync="TRUE">Feature geometry.</attrdef><attrdefs Sync="TRUE">Esri</attrdefs><attrdomv><udom Sync="TRUE">Coordinates defining the features.</udom></attrdomv></attr><attr><attrlabl Sync="TRUE">NRKART</attrlabl><attalias Sync="TRUE">NRKART</attalias><attrtype Sync="TRUE">Integer</attrtype><attwidth Sync="TRUE">4</attwidth><atprecis Sync="TRUE">10</atprecis><attscale Sync="TRUE">0</attscale></attr><attr><attrlabl Sync="TRUE">UP_DATE</attrlabl><attalias Sync="TRUE">UP_DATE</attalias><attrtype Sync="TRUE">Date</attrtype><attwidth Sync="TRUE">8</attwidth><atprecis Sync="TRUE">0</atprecis><attscale Sync="TRUE">0</attscale></attr><attr><attrlabl Sync="TRUE">SDE_ID</attrlabl><attalias Sync="TRUE">SDE_ID</attalias><attrtype Sync="TRUE">Integer</attrtype><attwidth Sync="TRUE">4</attwidth><atprecis Sync="TRUE">10</atprecis><attscale Sync="TRUE">0</attscale></attr><attr><attrlabl Sync="TRUE">TKNR</attrlabl><attalias Sync="TRUE">TKNR</attalias><attrtype Sync="TRUE">Integer</attrtype><attwidth Sync="TRUE">4</attwidth><atprecis Sync="TRUE">10</atprecis><attscale Sync="TRUE">0</attscale></attr><attr><attrlabl Sync="TRUE">FL_NR</attrlabl><attalias Sync="TRUE">FL_NR</attalias><attrtype Sync="TRUE">Integer</attrtype><attwidth Sync="TRUE">4</attwidth><atprecis Sync="TRUE">10</atprecis><attscale Sync="TRUE">0</attscale></attr><attr><attrlabl Sync="TRUE">Shape.STArea()</attrlabl><attalias Sync="TRUE">Shape.STArea()</attalias><attrtype Sync="TRUE">Double</attrtype><attwidth Sync="TRUE">0</attwidth><atprecis Sync="TRUE">0</atprecis><attscale Sync="TRUE">0</attscale></attr><attr><attrlabl Sync="TRUE">Shape.STLength()</attrlabl><attalias Sync="TRUE">Shape.STLength()</attalias><attrtype Sync="TRUE">Double</attrtype><attwidth Sync="TRUE">0</attwidth><atprecis Sync="TRUE">0</atprecis><attscale Sync="TRUE">0</attscale></attr></detailed></eainfo><mdDateSt Sync="TRUE">20201218</mdDateSt></metadata>
