<?xml version="1.0" encoding="UTF-8"?>
<metadata xml:lang="de"><Esri><CreaDate>20220307</CreaDate><CreaTime>17083500</CreaTime><ArcGISFormat>1.0</ArcGISFormat><SyncOnce>TRUE</SyncOnce><DataProperties><lineage><Process ToolSource="c:\program files (x86)\arcgis\desktop10.8\ArcToolbox\Toolboxes\Spatial Analyst Tools.tbx\ExtractByMask" Date="20220307" Time="170835">ExtractByMask COP_Versiegelungsgrad_2018_Status_clip NIBIS_GRUNDDATEN_SDE.FIS.LandkreiseNDS_ply C:\Stadtmann.R\Stadtmann.R\GIS_Daten\Fortbildung_R\Copernicus_VersGrad_2018_extract_Hannover.tif</Process></lineage></DataProperties></Esri></metadata>
